0	Oto narodzin Chrystusa znów uroczystość nadchodzi,
Światło zbawienia przez dawnych proroków przepowiedziane
I obiecane dla świata przez dziesięć również Sybilli.
Zdaje mi się, że oglądam w postaci drobnej Dzieciątka
Boga samego, co marznie, złożony w nieczułym żłobie
W szopie pod strzechą słomianą. Wół pracowity tuż przy Nim
Stoi pospołu z osiołkiem i ile tchu mają
Z daru bożego w swej piersi - tyle starają się ciepła
Tchnąć na Chłopczyka, i śpieszą za własne życie odpłacić
Stwórcy swojemu powietrza tchnieniami życiodajnymi.
Bogurodzica tam siedzi smutna i gorzko się żali
Ponad maleństwem niedawno zrodzonym, że go nie może
W liche spowinąć pieluszki; rozgrzewa zgrabiałe dłonie
Płacząc, że zimno się sroży nad ciałkiem tak delikatnym.
Starzec z daleka spogląda na dziecko, drżący z obawy,
Że je dotknięciem urazi, cierpiąc dotkliwie, bo śmierci
Czuje zbliżanie się, cały drętwiejąc od mrozu zimy,
Lecz nie odwraca swej twarzy od niebiańskiego oblicza,
Świętym widokiem nie mogąc nasycić spragnionych źrenic.
Taka jest w Synu maleńkim niezmierna boskość Rodzica.
Doprowadzeni przez gwiazdę królowie trzej na kolana
Padli, złotymi szatami zmiatając siano zmierzwione,
I otworzywszy szkatuły bezcenne proszą, by przyjął
Dary niegodne rąk Boga. Ale śmiertelni tym darzą,
Co mogą złożyć w ofierze. Najstarszy z nich się pochyla
Do pocałunku i nóżek dziecka wargami dotyka
Pozostawiając ślad na nich sędziwej swej zgrzybiałości.
Rozradowani pasterze trzód skaczą z donośnym krzykiem
I, jak chce zwyczaj wieśniaczy, śpiewają, że przyszedł Ojciec
Rzeczy i świata i przyniósł pokój dla wszystkich na ziemi.
Oni nie wątpią, że w bóstwa tak potężnego bliskości
Wilki krwiożercze nie mogą tknąć stada, więc pozwalają
Trzodzie swej młodej bez żadnej ochrony błądzić po trawie.
A ty, ujęty słonecznej wsi czarem, rozleniwiały,
Z dala przebywasz, nie wzywa cię kierowanie owczarnią
Ani chęć dalszej opieki nad powierzoną ci trzodą,
Co do oddania czci światłu świętemu już się gotuje
Szczęsna i wszystkie swe myśli ku tej radości obraca.
Jednak - gdy wolno powiedzieć: czego wielkiego tak może
Sama dokonać gromada w braku swojego pasterza?
Ojcze najlepszy, już dosyć wieś zaszczycona została
Twą obecnością tak świętą; dość już trzymały cię, zgodnie
Z wolą twą, z dala od miasta chłodne pagórki, doliny
Zieleniejące, gdy pole kwitło dokoła; gdy drzewo
Każde bywało szlachetnym cieniem; gdy słodko spoczywać
Było na brzegach wód rzecznych, nad falą wypływającą
Z mchem obrośniętej pieczary; kiedy jaskółka wraz z siostrą
Opłakiwały mord straszny ismaryjskiego tyrana;
Kiedy po polach igrały splatając ręce Charyty
I korowody wśród gajów świętych wodziły dryjady.
Ale już sroży się zima, już lód ruń świeżą pokrywa
I śnieg sytoński; już pola nie mają dawnej piękności;
Już Boreasza mroźnego szał dźwięczne szmery strumieni
Stłumił swym tchnieniem i z wszystkich drzew strącił jesienne liście.
Wszystko pokrywa się lodem straszliwym i jednolitym,
Który dach tylko i ogień może złagodzić. Do miasta
Znowu owczarnia cię wzywa, dopóki Febus swój rydwan
Przez rogi złotego byka kieruje i Zefir ogrody
Muska i ziemię - małżonkę twoją - ozdabia darami.
Wierz mi, że tego wymaga twe dobro oraz niebieska
Burza gwałtowna i wiek już mniej dziś dręczony. Gorąco
Trzoda cię czeka i święty płód karmicielki Dziewicy
Boski, i to Narodzenie, naszego zbawienia światło
Boże - a jeśli tak wielkie godzi się łączyć z małymi
Sprawy - przyzywa cię oto Muza twojego Filipa. Czemu gdy przybyć nie mogłaś o umówionej godzinie



0	Zwiodłaś przysięgą mnie: "Jutro odwiedzę twój dom".
Wszak nie dotrzymać obietnic tęsknocie ukochanego
      To jakby splamić krwią człowieka ręce swe. 
Pyram jest tego przykładem; gdy Tysbe doń babilońska
      Przyszła zbyt późno, on utopił w sercu miecz. 
Także i Fylis czekając na próżno Demofoonta
      Własną zdławiła krtań pętlą przepaski swej.
Siebie też mogłem pozbawić sznurem lub włócznią żywota,
      Gdy się odwlekał tak twego przybycia czas. 
Dawno minęła godzina szczęśliwa i upragniona,
      Którą uświęcić miał czar obecności twej. 
Ledwo już mogłem powstrzymać radość i w piersi bijący
      Serca pośpieszny rytm mocniej niż w inne dni. 
Gdy zbliżający się pojazd tylko spostrzegłem, mówiłem:
      "Oto szczęśliwość mą wiezie do moich wrót". 
Ale czterykroć i więcej zwiedziony próżną nadzieją,
      Pohamowałem już wodze radości mej. 
Coraz już mniej i mniej radość spotkania mnie weseliła
      I w moją myśl się wkradł jakiś dotkliwy ból. 
Jednak nie śmiałem zupełnie wyrzec się tego pragnienia,
      Nie przywiązywać już wagi do twoich słów. 
Ale czym prędzej poszedłem na sam szczyt wieży wysokiej,
      Skąd mój ogarniał wzrok przestrzeń szeroką w krąg. 
Z niej spoglądałem na północ, choć na południe zwrócony,
      I na zachodnich zórz gasnących zimny blask. 
Ale na wschód jeszcze bardziej. Jak mówią, brama tam stoi
      Złota i ziemski szlak otwiera stąd dla bóstw.
Więc przypuszczałem, że inną drogą nie przyjdziesz, bogini,
      Tylko tą jedną z dróg, śladem podniebnych kół. 
Dalej i szerzej niż zwykle sięgały w krąg moje oczy,
      Ujrzeć tak bardzo cię z dala pragnąłem już. 
Ale gdy Febus promienny do wód zachodnich się stoczył,
      W sercu nadziei cień razem z dniem jasnym zgasł. 
Wtedy w mej piersi struchlałej ni kropli krwi nie zostało,
      Czucia wszelaki ślad zaginął w sercu mym. 
Byłem jak posąg wykuty z brył alpejskiego marmuru,
      Zimny zupełnie już, bezwładny niby trup. 
Lecz, najpiękniejsza, gdy chciałem na ciebie wybuchnąć skargą,
      Język zapomniał słów, skargi nie wydał głos. 
W ciała całego zdrętwieniu i w bólu niezmiernym trwałem,
      Jakby mnie ogniem tknął celny Jowisza cios. 
Tylko mnie to odróżniało od umarłego człowieka,
      Że mnie udręczał ból, którego nie zna trup. 
I wstręt mi zaraz do życia doradzał ująć żelazo,
      Chciałem, niewierna, rzec: "Teraz mi słowo zwróć".
Jednak nie dała się srożyć zbrojnej prawicy nadzieja,
      Zdolna opóźnień twych przyczyny zmyślać w lot. 
Ona już dawniej mą szyję w jarzmo miłości wtłoczyła,
      Mego uczucia moc poddając woli twej. 
Ona mi przecież mówiła: "Naucz się znosić strapienia,
      Wiele odtrąceń ścierp, byś raz osiągnął cel. 
Jedna modlitwa u bogów łaski ubłagać nie może,
      Cichnie Jowisza gniew od powtarzanych próśb. 
I nie padają olbrzymie pnie dębów pod jednym ciosem,
      Nie pierwszy napór wód rozrywa twardy brzeg. 
Trzeba powoli ujeżdżać konia, by nie gryzł wędzidła,
      Uczy się z wolna wół ciężar na grzbiecie nieść. 
Gdyby umierał kochanek, ilekroć miłość zdradzono,
      Już by nie został ślad ani po jednym z nich. 
Tylko swojego kochanka słuchać wszak żadna nie zdoła,
      Tyle jest dobrych stron w miłości, ile złych. 
Ten jest najbardziej szczęśliwy z kochanków, kto zawsze umie
      Radość i gorzki żal utaić w sercu swym. 
Nawet - i któż ci zabroni! - gdy tryumfujesz w miłości,
      Ufność w niej szczerą zbudź, że umiesz stałym być.
Wtedy ulegnie miłości twojej i chłód odrzuci,
      Gdy zbudzisz pewność w niej, że kochasz wiernie wciąż".
Temu zawdzięczam, że jeszcze żyć pragnę, choć oszukany.
      Zwykle nadziei cień rozbitą niesie łódź. 
Płynie wytrwale i los swój powierza z ufnością łodzi
      Ten, kto przed chwilą już dławił się falą wód. 
Oto ja znów, moje życie, do ciebie prośby zanoszę
      I wcale mi nie wstyd leżeć u twoich stóp. 
Jeden mnie raz niewinnego wyśmiałaś. Poprzestań na tym,
      Bogów świadkami czyń wierniej, niezłomniej już. 
Strzeż się mnie zdradzić powtórnie. Bo powiadają, że piękne
      Mogą jedyny raz bezpiecznie użyć zdrad. 
Ale już zdrada dwukrotna grozi srogimi karami,
      Ciągłym przestępstwom wnet bogowie kładą kres.
Strzeż się więc, aby cię bogów gniew nie dosięgnął, gdy będziesz
      Uparcie zdrady knuć, niedbała o swój los. 
Ale niech groźba ta prędko w powietrzu lekkim zaginie,
      Ty miła bogom bądź, wierna czy pełna zdrad. 
Wolałbym przecież, o Fannio, abyś mnie stale zwodziła,
      Niżby na ciebie spadł przeze mnie bogów gniew.



0	Ty bogactw pragniesz, spraw zatem, by dzięki pieśni ogłuchła
Ta, do której podąża stale każda ma myśl.

Na cóż mi wiersze kunsztowne, po co mi uczona Talia,
Jeżeli panią mą tylgo ogłuszyć chcę?

Już lepiej to mogą uczynić świerszcze latem grające
I w stawie czyniący wrzask tłum rozgadanych żab.

Panią mą ułagodzić wierszami pięknymi się staram,
Aby bardziej łaskawa stała się dla moich próśb.

Spraw to: gdy dzięki pieśni łagodną i miłą się stanie,
Ja wtedy, wdzięczny ogromnie, bogactwa wielkie ci dam.



0	Wisła swój wiedzie początek ze skalnych Karpat podnóży,
      Co dla Pannonii ziem niosą złocisty swój dar. 
W miejscu gdzie bieg rozpoczyna, zawrotnym wirem się kłębi,
      Bije pod niebo wzwyż poprzez wyniosłych gór grzbiet;
Potem podąża z pośpiechem do miasta potrójnych murów -
      Dumny Krakowa to gród, gdzie mieszka Sarmacji król. 
Skręca następnie na łąki Mazowsza bujnie zielone,
      Gdzie już otwiera się kraj wielki Hercynii mej. 
Żyją wśród nizin Mazowsza straszliwe tury kosmate,
      Znany im również jest żubr, podziw budzący w krąg.
Zwierz to ogromny z krzywymi rogami, co błyska okiem,
      Ciemnobrunatną ma sierść, wygląd okrutny i zły. 
Dźwiga podgardle obwisłe i sierścią pokryte długą,
      Które - jak wielki wrzód - wzdyma obrzmiałą mu krtań.
Gdy wróg się zbliża, żubr rogi swe nastawiwszy naciera,
      Ciało schwycone wzwyż rzucając z całych sił. 
Wieloletnimi drzewami, pniem grubym, dębem prastarym
      Wstrząsa z wściekłością tak, że ich wierzchołki drżą,
Kiedy myśliwy się zjawia, ażeby zwierzę pokonać.
      Chce je z początku zwieść podstępną, piękną grą.
Drażni je bowiem na razie ciosami łuku lub włóczni,
      Zwierzę wprawiając w szał bólem zadanych mu ran. 
Wtedy z pośpiechem ucieka kryjąc się w lot za drzewami,
      W które rozżarty już żubr bije rogatym swym łbem, 
Sądząc, że chwycił na rogi zbiegłego nieprzyjaciela,
      Sroży się, miota w krąg pośród potężnych pni. 
Chroniąc się zręcznie za drzewa drażni zwierzynę myśliwy,
      W szpetną wbijając sierść za ciosem straszny cios. 
I gdy już siły w zwierzęcia potężnym ciele osłabi,
      Atak wstrzymuje swój - kładzie gonitwie kres. 
Wkrótce już inni myśliwi, stojący w krąg na kształt wieńca,
      Ostrzami celnych strzał niosą żubrowi śmierć. 
Wisło, w pobliżu Kodanu do pruskich grodów podążasz,
      Tu gdzie twój płaski brzeg zajął teutoński lud, 
Co, wiarołomny, Sarmatów chce służyć dziś tyranowi
      I nienawistny mu już teraz Germanów jest pan. 
Wiele tu grodów bogatych, potężnych zamków zbudował
      Rycerz teutońskich ziem, noszący biały płaszcz, 
Aby - to pewne - powściągnąć Scytów ataki w tym czasie,
      Gdy barbarzyńców lud rusza z obozu w bój. 
Oto już Toruń pod niebo wysmukłe wznosi wieżyce
      I najsłynniejszy z miast świata Malborku gród, 
Który ty, Wisło, otaczasz swych wód potrójnym ramieniem,
      Trzema ujściami w toń płynąc Kodanu wód. 
Tam gdzie przesławny port strzeże obszarów pruskiej krainy,
      Sławy siejącej w krąg blask, znanej i z ludów, i z miast, 
Wśród których światłem najbardziej wsławionym Gdańsk promienieje,
      Jako ty, Febie, gdy skroń unosisz z eojskich wód. 
Imię swe słynne port gdański od ludu Gotów przyjmuje,
      Stąd i Kodańskiej łuk Zatoki nazwę ma swą. 
Obok gdańskiego obszaru pamiętną wojnę i krwawą
      Toczył teutoński lud z mężami polskich ziem. 
Wstyd! Osiągnięto zwycięstwo, bo Mars od wrogów odwrócił
      Łaskę, gdy dzikich swych bród długi ostrzygli włos. 
Wisło! Jak niegdyś granicą byłaś germańskiej krainy,
      Tak będziesz dla mnie dziś kresem miłości mej. 
Jak ciężko ranny, co schodzi z pól walki - tak ja odchodzę,
      Bo przeszył moją pierś miłości pierwszej grot.



0	Gdy, Fryderyku cesarzu, wręczałeś mi święty wieniec,
      Swe pocałunki tyś kładł uprzejme na moją twarz, 
A ja gdym Innocentego w rzymskim pałacu odwiedził,
      Ten pocałunek mi kłaść kazał na stopie swej. 
Ucałowałem ją, zgięty. Lecz wolę cesarza lica
      Niźli szkodliwą tę stopę pod wargą mą.



0	Ze mną, Kaliope, zamierzasz przybyć pod niebo północy,
      Gdzie barbarzyński swój kraj prosty zamieszkał lud, 
Gdzie zamarzniętych mórz lody przebiega wieśniak sarmacki
      Bursztyn zbierając, co lśni na zimnym brzegu tych wód. 
Tutaj bieleje, cokolwiek na mroźne spogląda gwiazdy:
      Niedźwiedź i głodny wciąż kruk - ptak, co złowróżbny ma głos.




0	Nie jest ci dość, Hasilino, że w domu frymarczysz sobą,
      Jeśli przypadkiem twój mąż z domu odejdzie na krok - 
Ale na domiar swą czwórką po chłopskich chatach uganiasz,
      Aby szczęśliwa tym wieś towar zechciała wziąć twój.



0	Do amazońskiej krainy Sarmata jest przywiązany,
      Bowiem w obydwóch z tych stron rządzi kobieta, nie mąż.
Trzykroć, czterykroć balwierza w więzieniu już zamykano
      Za to, że żonie swej śmiał chłostę należną jej dać.



0	Odmawia sobie Sarmata w dni postu ryb gotowanych
      I ze stojących w krąg mis jadło pieczone wciąż żre,
Aby tym więcej Bakchusa pochłaniać brzuchem spragnionym 
      Albo z nalanych po brzeg kubków chmielowy płyn pić.



0	Jak Cizalpińskiej kraj Galii w gnijącym topi się błocie,
      Tak i krakowski nasz gród w brudzie zanurza się wciąż, 
Jego szkaradne ulice gdzieniegdzie tylko bruk mają,
      Zaprzęg poczwórny po oś grzęźnie w lepkości błot.



0	Będziesz czytana, wsławiona przez pieśni me, Hasilino,
      Tam gdzie germański mój śpiew dozna życzliwych łask, 
Lecz z łacińskimi Muzami - ostrzegam - nie idź w zawody -
      One o Fanni już pieśń wiodły biegłością swych lir.



0	Wisła granicą przed laty germańskiej była krainy,
      Ale wsławiona jest dziś wezbraniem białych swych wód -
Czemu, Germanio, tak wielką potęgę rzucasz do wojny?
      Ten, kto wygnany stąd był, mniejszą nierównie miał moc.



0	O Delfijczyku, ty, co słodkim dźwiękiem strun 
Królowi gwiezdnych nieb przenikasz w serca głąb, 
      Który plektronem złotym
            Opiewasz chwałę wielkich bóstw -

Który szczególnym masz śpiewaków panem być 
I władcą pono ich, i sędzią wieszczych strof - 
      Którego w krąg otacza
            Również dziewięciu bogiń chór -

Ty, który wszystko wiesz i który wszystko znasz:
I to, co teraz jest, i to, co przyszłość śle, 
      I który śmierć zadając
            Wytaczasz z ciał żywotny sok -

Który wstąpiwszy w wóz, lśniący w klejnotów skrach,
Niesiesz wszystkiemu tu twój jaśniuteńki dzień
      I który twej siostrzycy 
            Dajesz bielutki, światła blask -

Tenedos służy ci, Klaros śle ofiar dym, 
Miłość Delosu masz oraz delfickich ziem, 
      Patary ci królestwo
            Śle chwalby, modlitwy, cześć -

Tutaj podążaj, tu, tu uwieńczywszy skroń 
W świętych gałęzi liść, przy dźwięku złotych strun
      Tutaj, Febie, przyśpieszaj
            Polotny, dobroczyńco, krok.

Tutaj śpiesz, Febie, tu oddechem boskich tchnień 
Napełniaj moją pierś, ażebym oto mógł 
      Mojego opiekuna
            Czcić tworząc godny jego wiersz.

Jego, co czystych Muz, których pierś jako śnieg,
Jest chwalcą, co je czci i podejmuje w dom 
      I który wiernie wielbi
            Majestat, boski Febie, twój.

Co darzy hojnie tak tych, co przy dźwięku strun 
Trącanych tworzą pieśń, ich, którzy zdobni w bluszcz 
      I w kwietne wieńczą wieńce
            Włosy uczonych swoich głów -

Który wielmożów tłum, a nawet władców, sam
Przewyższa miarą cnót i mądrej myśli - tych,
      Co żyją, którzy żyli
            I których przyszły zrodzi czas.

W nim to węgierski kraj ma swoją chlubę chlub, 
Jego podporą też niezwyciężonych zwie 
      Rycerskich swych zastępów. 
            Chwałą ojczyzny wielką on.

Mądrości w nim jest skarb i żyje wielki duch,
On prawdy i praw stróż, hojny i czciciel nieb, 
      Uprzejmy i przyjazny, 
            Wierny, dostojny, godny czci.

Jemu ty o mnie więc przez nektarowy rytm, 
Jemu słodkim jak miód wierszem ty o mnie mów. 
      Powiedz, że jego sługą 
            Wieczyście pragnąłbym ja być.

I również powiedz tak: "Życzy ci Paweł twój 
Nestora dożyć lat i mieć Priama wiek, 
      I wszelakiego dobra
            Całą ci oto życzy moc".

I na kolanach go jak najpokorniej proś,
Argumentami chciej nakłonić mądrych słów, 
      Aby wybaczyć zechciał
            Mój gminny i prostacki styl.

I powiedz również mu, że zagram również ja 
Przy dźwięku słodkich strun może już lepszą pieśń,
      Jeśli łaskawie tylko
            Przyjmie on ten obecny dar.



0	Tutaj, tutaj szybkim przybądź krokiem 
Młodzieży wspaniała, która czcisz dom 
      Apoliński i dziewięć sióstr
            I aońskie pijesz wody. 
Tutaj, tutaj przyjdźcie szybko wszyscy
Godni względów mądrej Pallady
      Których koi struna wymownej pieśni
            Eolskiej i alcejskiej. 
Już spiesznie do nas podąża natchniony 
Poeta, który potrafi liryczną pieśnią 
      Dusze strapione pocieszyć
            I rwące wstrzymać potoki.
Syn ojca, który był woźnym w sądzie, 
Znosić musiał biedę przeogromną 
      Lecz wyniósł go talent wrodzony
            I pod niebem umieścił. 
Czy Lukańczykiem był, czy Apulejczykiem,
Nieważne, nazywa siebie Wenuzyjczykiem. 
      Bo tam pobożnie wychowany
            Zajaśniał talentem bogatym.
Stamtąd do Rzymu zostaje posłany 
I zdobywa szlachetne wykształcenie, 
      Pełen już nauk wszelakich
            Udaje się do cekropijskich Aten.
Tamże najpierw, a młodzieńcem był wówczas, 
Sardanapalowym hołdował zasadom,. 
      W miarę lat do surowej przystąpił
            Akademickiej filozofów szkoły. 
W końcu musiał do wojska się zaciągnąć 
I boje srogie toczyć pod wodzą Brutusa
      I stać się nieprzyjacielem dla Cezara
            Nieustraszonych licznych zastępów. 
Zdobył niebawem stopień trybuna w wojsku, 
Z powodu swoich tak wielkich zasług. 
      Lecz kiedy wojsko Brutusa pierzchło, 
            Do pieryjskich powrócił sióstr. 
Wergiliusz z Mantui, jak powiadają, 
I Warius, wśród pierwszych byli przyjaciół,
      Co jego życie za godne uznali
            I przyjaźni Mecenasa polecili.
Dzięki zasługom tak łaskawego męża 
Dostąpił przebaczenia swej winy 
      I znalazłszy u Cezara względy 
            Jaśniejszy wiódł dalej żywot.



0	
Idź, droga moja książeczko, idź, proszę, 
Droższa od drogiego złota, idź wreszcie, 
Droższa dla mnie od drogich kamieni, 
Szybko zajdź do Ziemi Panońskiej, 
Urodzajnej, czcigodnej i szczęśliwej. 
Już to kwieciem kolorowym okrytej, 
Już to przyjemną zielenią spowitej. 
Nie lękaj się wąwozów niebezpiecznych,
Nie bój się leśnych miejsc cienistych,
Nie trwóż się przed zaroślami ciernistymi,
Nie obawiaj się dolin rozbójniczych,
Nie unikaj górskich pasm męczących,
Nie przerażaj się zdrad obrzydliwych,
Ni skał i zarośli, ni jezior i bagien.
Niech nie wstrzymuje twego biegu
Siedmioramienny Ister ani wody Ticyi,
Ani nic, co wydaje ci się przykre,
Trudne, przerażające i niespokojne.
Och, czego się lękasz, czemu się trwożysz?
Dlaczego żółwim posuwasz się krokiem?
Dlaczego stajesz, o ty leniwa książeczko?
Dlaczego za nic masz nasze prośby?
Dlaczego naszą lekceważysz zachętę?
Czy wstrętnych lękasz się szyderstw?
Czy błahych lękasz się grymasów? 
Czy boisz się towarzystwa rybiego? 
Albo myśli o kupieckim opakowaniu? 
Albo hałaśliwych szkolnych katedr?



0	Była pora gorąca i lipca upały
Na role dar Cerery wywiodły dojrzały,
Piękne dzieło dla żeńców zgiętych i wieśniaków.
Wówczas Mars groźny stanął na polach Prusaków.
Wstrząsnął bronią, obrócił puklerz w obie strony,
Obwieścił Prusom, Polsce wojnę i jej plony
Okrutne zapowiedział: zgonów, nieszczęść wiele
Ludom, które żądały oręża zbyt śmiele.
Tymczasem gniew się srożył, Śmierć z podziemia wstała
I spiżem zawładnąwszy przez niwy leciała,
Znacząc wężem skrwawionym trupy, których cienie
Wpaść miały w bagna Styksu i Nocy przestrzenie.
A na błoniach rozległych już się zgromadziły
Niezliczone szeregi i pancerne siły.
Zaroiły się Prusy od wojsk, a oręża
Szczęk straszny wzniecał Marsa szał, dzikiego męża.
Niepomny drogich dziatek, małżeństwa świętego,
Wzrastał gniew bladolicy i z serca każdego
Wypędzał myśl o kraju: znikł zagon spokojny
I dom sprzed oczu wszystkich; w bój słał lud Duch Wojny.
Już z obu stron zastępy ściągają pomału,
Wodzowie im przed walką dodają zapału.
Wtem na rozkaz Witolda mknie Nomadów tłuszcza,
Chwyta łuki z kołczanów, pędem konie puszcza
I straszny okrzyk wznosząc, gwałtownym napadem 
Razi wrogów zastępy strzał śmiertelnych gradem. 
Podobnie gdy Wszechmocny chmurom wodze puści 
I w krąg świata ugodzi z burzliwych czeluści, 
A śnieżyca północna szaleje na dole, 
Niszczy łąki kwitnące, zasiewy i role -
Tak błyszczące w dal zbroją Prusaków oddziały,
Rażone z rąk tatarskich strzałami, padały. 
Dalej w innym szeregu kroczą wprzód Rusini 
Zawzięci, w ślad z włóczniami waleczni Litwini 
Z rwącymi się ochoczo w bój Massagetami 
Śpieszą i w hufce wroga dzielnymi piersiami 
Wdzierają się... Wre walka, podwajają ciosy, 
W okropnej rzezi rąbią, śląc na śmierć ciał stosy,
Zewsząd walą się szyki, krew się leje wszędzie, 
Ci giną od pocisków, tych świszcząc zdobędzie
Włócznia i trupem kładzie, rwąc w Tartaru mroki.
Lecą głazy, mkną strzały jak deszcz przez obłoki, 
Od grotów śmiercionośnych czernieje przestworze,
Bo ziemia tej nawały pomieścić nie może.
Wszelka broń rani groźnie, grzmi w dal Mars ponury 
Strasznie, jak władca Jowisz poprzez czarne chmury 
Lub ciemnych drzew wierzchołki i borów gęstwiny. 



0	Natychmiast wzywa karne Polaków oddziały,
Aby w szyku stanęły; sam na rączym koniu 
Z mieczem w ręku przebiega wzdłuż wojska po błoniu 
I zagrzewa serdecznie: "Wszczyna się rozprawa. 
Jeśliby z was niektórym sromotna obawa 
Wstrząsnęła serca, hańbiąc zacnej krwi zaszczyty,
Lub męstwo niweczyła, plamiąc znakomity 
Ród wasz, to pamiętajcie o czci i ojczyźnie,
I o sławie, Polacy, bo strach, gdy się wślizgnie,
Kala wszystko, a w wojnie jedynie pomaga 
I zdobi czynem świetnym dzielność i odwaga. 
Więc was proszę i wzywam, bo bój jest już bliski
I Teuton tryumfuje gotujcie pociski!
Teraz, jeśliście kiedy mężne piersi w zbroi
Okazali, pierś silną nadstawić przystoi.
Bijcie się dzielnie, proszę, a zwycięstwo z nami,
Jak ongiś nad Tatarem i Massagetami.
Jakim kto się okaże, blask osiągnie taki!"
Skończył, każe grzmieć w surmy, ruszyć naprzód znaki
I na wroga groźnego pędzi hufce śmiele.
Wypadają zastępy, a król mknie na czele.
Pierwszy szerzy śmierć straszną, wdziera się w oddziały,
Powala niezliczonych, rosną trupów wały
Wokół. Jak ongiś Tydeus dziki i ponury
Szalał koło skalistej, groźnej Sfinksa góry,
Lub Hektor wojowniczy, co zasłał ciałami
Greckich książąt równinę pod Troi murami,
Tak król srogi germańskie tłumy trupem kładzie,
Szczęśliwy wódz, szczęśliwy w zwycięskim napadzie.
Tuż rusza jazda polska w ślad za jego drogą.
Rycerze podnieceni wojenną pożogą
Rwą naprzód, ostre dzidy wcisnąwszy w ramiona,
Do ataku, puklerzem lśni pierś osłoniona, 
Zwiększają siły, w ciała godzą wskroś żelazem, 
Łamią wpół, ranią grotem, raz zdwajają razem,
Tną zbroje, mężów rąbią i w podziemne gaje
Germańskich dusz ślą tłumy, gdzie huk nie ustaje
Flegetonu. Do ciemnej Eumenid komnaty
Spadają dzielne ciała wskutek tchu utraty.
Zapał rośnie w żołnierzach, żądza walki warczy,
Miecze niecą błysk wokół, słychać szczęk, zgrzyt tarczy,
Okrzyk straszny się zrywa, miesza koni rżenie,
Bój na miecze się toczy i całe przestrzenie
We krwi toną od rzezi; ziemia drży zhańbiona
Stosami gęstych trupów, a niebios osłona
Od chęci błyska. Trwa zamęt i wojenna wrzawa
Tak olbrzymia, że hukiem takim nie napawa
Świata Etna, gdy Cyklop cios w jej wnętrzach zada.



0	Czcigodna latorośli z Dawida rodziny, 
Ty chwało dumna głośnej wokół Palestyny, 
Spojrzyj na ziemskie klęski z wysokiego nieba 
I patrz, jak nędzny rodzi plon sarmacka gleba. 
Wspomóż, Panno chwalebna, Polaków w niedoli, 
Których wiewem okrutnym zabija powoli 
Zaraza, napojona jadem z paszcz żmijowych, 
Zaraza wiecznie żądna, głodna śmierci nowych. 
Ona Parkę zesłała groźną z czarnej groty, 
Co ścina twego ludu, Dziewico, żywoty; 
Niszczy w szale do szczętu twych wiernych wnętrzności,
Zabija żywe członki wśród okrutnej złości. 
Ni kobiet nie oszczędza ta dzika bogini,
Ni wśród młodych i starców różnicy nie czyni. 
Już i Orcus marami napełnił się cały, 
Już się piętrzą na ziemi wszędzie trupów wały, 
Już i jesień i zima przez czas bardzo długi 
Dosyć nieszczęść zwaliła na twe wierne sługi. 
Po smutkach nastąpiła pora pięknej wiosny, 
Budzi zieleń na niwach jej powiew radosny, 
Szatę zmienia przyroda - już wszystko blask nieci 
I Phoibos w pięknym czasie czarowniej nam świeci. 
Po tak wielkich nieszczęściach zarazy, niedoli, 
Błagam, niech gniew ustanie z Twego Syna woli; 
Bo Go ni opal jasny, ni szmaragd zielony 
Nie złagodzi, ni Cytis od arabskiej strony, 
Tylko serce człowiecze, czyste, obce winie 
I Ty możesz, Dziewico, przebłagać jedynie. 
On Matce nie odmawia, o co słusznie prosi; 
Dary na Twe życzenie największe przynosi, 
Czegokolwiek zapragniesz z pogodą oblicza, 
Przychylnie i z radością sam Tobie ożycza. 
Wszak Jego, o Dziewico, ni proroków plemię, 
Ni z podziemia głos łzawy nie wezwał na ziemię, 
Ni ojców świętych w niebo sięgające chóry 
Za grzech pierwszych rodziców nie zesłały z góry, 
Lecz Ty, Panno przeczysta, bez winy brzemienia, 
Którą światłość dziewictwa blaskiem opromienia. 
O Nim księgi Sibylli i prorocy starzy 
Stwierdzili, że Twe łono życiem Go obdarzy. 
Poczętego w żywocie świętym swym nosiłaś 
I własną piersią, czysta Dziewico, karmiłaś. 
Ty, co błagań u Syna stokroć zwiększasz siły, 
Spraw, by klęski zarazy kraj nasz opuściły, 
Spraw, by zesłał zbawienny powiew i w potrzebie
Był łaskaw dla swych ludów – modlę się do Ciebie.
Niech okrutny zarazy los zmieni w życzliwy,
Bo oto przed jej grozą drżą sarmackie niwy.



0	Jeżeli zechcesz być zbyt ostrym sędzią
Dla tej książeczki naszej, choćby z racji,
Że tutaj Muza pochlebia Wenerze,
To - gdyś sam człowiek - pomnij, żeśmy ludźmi.
Przyznaję ja, że brednie to i fraszki,
Lecz gorsze od nich rzeczy i na serio
Robią krytycy ich i hipokryci, 
Ród nie cierpiący dowcipnych poetów.
Ty zaś wybaczysz to naszej młodości,
Tym bardziej że sam przyznaję się przecie.
Jeśli zaś może jakiś żart cię ugryzł, 
Jeśli uważasz, że piętnował ciebie,
Toś nie Feniksem, abyś był jedynym 
Tym, do którego pić mógł tylko żart ów 
Czy coś, co może piętnuje i innych. 
Jest tak, że jeśli na kamieni górę 
Rzucisz kamieniem, to ten tylko jeden 
Odstuknie zaraz, który był trafiony. 
Dla fraszek mych więc bądź wyrozumiały, 
Mój czytelniku - ale tylko dla nich,
Bo są tu rzeczy także dla Katonów.



0	Chryste - dziecino, słodka dziecino, królu maleńki królów
     Nie kwil, oto Styks ciemny lęka się twoich urodzin,
Oto moc niebieska twoją skromną zdobi kołyskę
     I wszelkie stworzenie wielbi swego Pana.
Wół i osioł tobie usługują, błyszcząca gwiazda miejsce
     Wskazuje i królowie mistyczne niosą dary:
Złoto, by obwieścić, Chryste, żeś królem potężnym,
     Kadzidło - że jesteś kapłanem, mirrę - że umrzesz.
Ty dziecię czcigodne pod ubożuchnym kwilisz dachem,
     A jesteś tym, co z nieba grzmoty posyłasz. 
O przedziwna i nazbyt tajemna boska wolo, co chcesz
     Pomniejszyć tak bardzo władcę wszechświata! 
Pomniejszysz, a wszystko się podda swemu królowi prawemu
     I nie będzie żadnej granicy dla twego królestwa. 
Ciebie, boska dziecino, proszę, ciężarem grzechów udręczon,
     Racz mnie znów podnieść swoim przybyciem.



0	Chryste, który w niebieskim mieszkając pałacu 
Naszą wzruszony nędzą, o królu łaskawy, 
Dla nas się dzisiaj urodziłeś z Dziewicy 
     Łona skromnego.

Oto radośnie twoje czcimy narodzenie 
I świąteczne dla ciebie śpiewamy hymny, 
Racz je przyjąć w niebiosach łaskawym 
     Twoim obliczem.

Pozwól nam godnie uczcić twe imię,
Pozwól zepsute naprawić życie
Niech nas w zagrożeniu nie zostawia
     Twoja prawica.

Usuń znużenie i ciemności ducha
I złe knowania nieprzyjaciół naszych,
I otocz swą troską Zygmunta, 
     Władcę naszego.



0	Kapłanom złorzecz, wzgardę dla niebian miej tylko,
Gań uznany obyczaj, post, modły świętości,
Wyśmiewaj i zaprzeczaj uchwałom soborów,
Szydź z obrzędów, odpustów i klątw też kościelnych.
I modłów też za grosz nie ceń, a spowiedź odrzucaj.
Precz z bożą służbą, z chlebem Pańskim po kościołach!
O sobie noś mniemanie większe, niż przystoi.
Kapłanów, królów wszystkich miej za gnój przy sobie,
Pismo święte lekceważ, jak chcesz, dawnym prawom, 
Słowom doktorów, świętych uczynkom zaprzeczaj.
Stań się sprawnym oszustem, dobrze lżyć się wyucz,
Przełożonych przed ludem na śmiech wydaj, więzy
Ślubów zakonnych łam i szerz we wszystkim zamęt.
Takim bądź, kto chcesz wiernym być stronnikiem Lutra.
Niech tam "papieżnikami" - w czym on dowcip widzi -
Taki zwie tych, co obrzęd i wiarę chowają,
Za ojcami świętymi czczą dogmaty Chrysta,
W to wierzą, co uświęcił Kościół życiodajny,
Nie w to, co apostata obłąkany zmyślił.
Niech ich taki truciciel ludzkich przywar brudem
Plami, bo sam prorokiem jest pewnie bez skazy.
Niech z daru swej Minerwy złorzeczeń nie skąpi:
Od błogosławieństw jego milsze mi się zdadzą, 
Bo przez zarazę tę być chwalonym - to hańba.



0	Wiadomo, że trzy krzyże są i o trzech barwach.
     Różne; tych, co je noszą, też rodzaje trzy:
Jest czerwony, ten słusznie zwie się Jezusowym,
     Albowiem tak Jezusa zabarwił się krwią. 
Jest biały, odpowiedni zbójcy z prawej strony, 
     Którego zbrodnie kilka odkupiło słów. 
Jest w końcu czarny, zbója z strony lewej; ten to
     Zdradziecki Zakon uznał - jak słusznie! - za swój.



0	Biadaż mi, teraz nawet poborca podatku
     Wiersze mi tu gryzmoli z ujmą dla mej czci,
Nie dość, że się mym groszem puszy i wynosi,
     Jeszcze na moją hańbę chce być synem Muz.
Myśli, że wiersze pisać - to tak jak grosz ściągać -
     I że się stopa wiersza tak zlicza jak grosz. 
Myśli, że umiejętność tę równie szczęśliwie
     Uda mu się oszukać i w sposób ten sam. 
Lecz lepiej wszystkim znany gnój jego wierszyków
     Niźli rachunki jego wydatków i wpłat. 
Więc was, wieszczowie moi, proszę: tę zakałę
     Przegnajcie! Niech nie kazi się nią dobry smak.
Kto mnie okrada, niech mnie chociaż nie zniesławia, 
     Z mą chwałą nie obchodzi się jak z groszem mym. 
Obowiązkiem żołnierza pędzić wroga z granic, 
     Waszym - pędzić potwory z przybytku mych sztuk.



0	Poeta, rozkoszy dworu naszego,
Co wiersze przedziwne łatwo
I dowcipnie pisał, zmyślnie
Słowa ojczyste do łacińskich wplatając,
Który wszystkim aż nadto schlebiał,
Milczy teraz zamknięty w lichym grobie,
Zabrany nagle w kwiecie wieku.
Bo gdy pokarmem napełniał swój brzuch
Przepastny, to pokarm, co zdrowie przynosi
Wszystkim przyjmującym go z apetytem,
Dla niego tylko przyczyną był śmierci.
Szczęśliwy, jak sądą, jest ze swej sztuki:
Gdy wielu poetom głód srogi doskwiera, 
Ten syty z pełnym spoczywa brzuchem.



0	Że mi natchnienie zsyła Kalliope
     I Feb, to twoją, Helio, jest zasługą. 
Że twarzy bladej i smutnym mym oczom
     Dziwią się druhy, twoją to jest winą.
Że pieśnią ludy czaruję sarmackie,
     To także, Helio, twoją jest zasługą.
Że noc po nocy przepędzam bezsennie
     Wśród łez i westchnień, twoją to jest winą.
Że twarz ma radość, to ból okazuje,
     Twą to zasługą jest i twoją winą. 
Kiedyż nadejdzie ta chwila, gdy powiem:
     Wszystko to, wszystko twoją jest zasługą!



0	Jakże biedny, kto kocha i wzajem kochany,
     A owocu miłości tej nie może mieć!
Biedniejszy, kto sam kocha, a wzgarda odpycha
     Jego prośby, urodę, jego każdy dar. 
Lecz nieszczęsny, zgubiony, z wszystkich najbiedniejszy,
     Kto milczy i w płomieniach musi ginąć tych. 
To ostatnie, Dantyszku, to los mego szału,
     Bo milczę i w płomieniach muszę ginąć tych.



0	Cóż to za obraz? - Życia to obraz dworskiego.
     Któż ten, co wchodzi w próg? - To nowy tutaj człek. 
Kto na tronie zasiada? - Władnące Bogactwo.
     Kto gościa wita tu? - Nadzieja, krzepiąc go.
A teraz kto go wziął? - Intryga i służalstwo.
     Komuż go ślą? - Trudowi, który czeka już. 
Cóż ten z nim pocznie? - Między troską i nadzieją
     Wodzić go będzie ten aż po starości czas. 
Zbiegł odeń ktoś? - Nadzieja, ten niewierny druh.
     A któż go pięścią miażdży? - Rozpacz. - Ale w smutku
Ktoś został z nim? - Tak: próżny po przejrzeniu żal.
     Nielicznym tylko ujść stąd, gdy na nich Bogactwo 
Wejrzy, tym darząc ich, co innym wzięło z rąk.



0	Nie wiem, czy chwalisz, przechodniu, śmierć moją, czy się nią smucisz,
     Bo mój żałosny tak zgon niejasny i dla mnie jest. 
Zając ściglejszy ode mnie nigdy nie istniał na ziemi,
     A dziś na szyi mej krew, gdy ginę, zobaczysz już. 
Mogłem - płochliwy - pogoni ujść. Lecz przedziwna łowczyni 
     Rączość wstrzymała mych nóg tylko widokiem swym, 
Kiedy jechała na koniu na czele wszystkich w pościgu,
     Szczując na zgubę już mą szybkie, rozżarte psy - 
Jakże, nieszczęsny, odwrócić wzrok mogłem i nie podziwiać
     Pięknej postaci tej, godnych bogini jej lic, 
Jej majestatu, jej oczu jak gwiazdy, twarzy i szyi
     Niby słoniowa kość, jak róże z Pestum - jej warg. 
Kiedy psa paszcza mnie chwyta, ty, mej rozkoszy przyczyna,
     Przyczyną stajesz się wnet zarazem i śmierci mej. 
Widząc ją byłem szczęśliwy, choć nieszczęśliwy, że ginę, 
     I nie wiem, który z tych dwóch losów łaskawszy mi był. 
Lecz gdy schwytany być miałem, szczęście, że ta mnie schwytała,
     Przez którą Jowisz by sam pragnął schwytany być.

